id,actor_name,review
7cc122ff-96a1-4c54-8992-85ceca987ca6,3 Ladies w/ 3 Dudes,w
b721d842-0996-4225-bedc-690945073589,ALPHA TOURS 24/7,w
17983164-d9f6-4658-9d85-3f7cc5e7e7ea,Parabens,w
170a7bc1-9be5-4d06-89e8-588dc82459e2,Sendoff party,w
beb9c225-1c54-4201-9f69-2b931329dc1e,Neighbors 4eva!,w
2f14a287-5566-4481-9f1c-c876c23face9,Gville ?,w
6b929ca7-0b8a-41ca-a0db-d725ae6c2d46,Marinete Gomes,f
cfa76741-c74c-4075-97c2-a1a40941acc0,🐴 Pra mim the same 🍓🚘🍆,w
de7c6e9d-9a44-4aaf-a99f-1cab6b6654eb,AmEx AllStars!,w
7d30a1bd-1b5f-491e-9860-834a8b721337,AMEX GoT Peeps,w
51959331-235d-40cd-a0ef-ab4104637b98,Chupa,w
aaa5d0df-a9bd-4c97-b27c-442760f4661e,Circle of Iron PR,w
4e3c59ed-3996-4ae2-9a66-fa6aadf1c8fd,Disney!,w
3c7a668e-dd97-429e-9180-6f0fa8b4252b,Dqme dev,w
3ab6930b-530d-4c2a-a7bf-76430e35a8f1,Fire Drill - iCLiC,w
a29e5383-9db4-4edc-ade1-be101d257fe8,Fsma analistas,w
f9fea808-3f23-4c27-b981-b129ffb2f309,Girls Bday,w
941b8818-67c6-45ba-bae4-280c99eb3f0b,Leaving Bogota Hotel by 6,w
944fd17c-8a1e-4167-8ac6-3cf63faebc17,Our wedding! Colombia!,w
4dd1d93b-f14e-4817-a6b9-33120aa74f86,POA Network Graph,w
03c61790-a99f-4796-96cc-03af1c176424,POA Relcheck,w
82948873-23dd-4338-87af-894e1f620888,Product Update C360,w
496e014d-cdc8-49ab-99bb-823379ebde74,Rappi,
7f4a9ba1-5e15-42d9-8d86-c95148680a81,Reservas Cabo Expeditions,
e70d1a90-7b14-491e-91fc-8a3dec2e00fe,Transport,w
172361f0-44cd-43bd-95e1-e34ecc86f10d,Familia,w
2daaf4b9-3cc6-475f-86b3-f2218fc0e6c7,Que se PHODA O Mikey,w
21d69af4-3128-43a7-83df-730972f8a0dc,$h¡mm¥🐾,
64f0158b-9012-4c96-b745-e200abc6be47,Danny,f
4c2af5fb-4289-4cb8-95bb-a8b37423ea91,Kris🧚‍♂️✨️,f
0bb723d2-ed9b-47a2-abd1-650a2d1ca4e4,Preets,f
